<?xml version="1.0" encoding="utf-8"?>

<Manifest Name="iZotope" Type="Impulse Responses, Presets">
  <Dependencies>
    <Plugin PluginName="iZotope Trash Box Modeler" CompanyID="259" PluginID="7" PluginType="3"/>
    <Plugin PluginName="iZotope Trash Delay" CompanyID="259" PluginID="4" PluginType="3"/>
    <Plugin PluginName="iZotope Trash Dynamics Mono" CompanyID="259" PluginID="5" PluginType="3"/>
    <Plugin PluginName="iZotope Trash Filters" CompanyID="259" PluginID="6" PluginType="3"/>
    <Plugin PluginName="iZotope Hybrid Reverb" CompanyID="259" PluginID="2" PluginType="3"/>
    <Plugin PluginName="iZotope Trash Multiband Distortion" CompanyID="259" PluginID="9" PluginType="3"/>
    <Plugin PluginName="iZotope Trash Distortion" CompanyID="259" PluginID="3" PluginType="3"/>
  </Dependencies>
</Manifest>
